index,charge,db_idx,decoy,decoys_cum,delta_m,delta_m_ppm,delta_m_ppm_abs,fdr,feature_idx,fragment_ion_idx,fragment_ion_int,fragment_ion_type,fragments_int_ratio,fragments_int_sum,fragments_matched_int_ratio,fragments_matched_int_sum,fragments_matched_n_ratio,fwhm,generic_score,hits,hits_b,hits_b-H2O,hits_b-NH3,hits_y,hits_y-H2O,hits_y-NH3,index_precursor,mass,mass_db,ms1_int_max_apex,ms1_int_max_area,ms1_int_sum_apex,ms1_int_sum_area,mz,n_AA,n_fragments_matched,n_frags_db,n_internal,n_missed,prec_offset,prec_offset_ppm,prec_offset_raw,prec_offset_raw_ppm,precursor,precursor_rank,q_value,query_idx,raw_idx,rt,rt_apex,rt_end,rt_start,scan_no,score,score_precursor,score_rank,sequence,sequence_naked,target,target_cum,target_precursor,x_tandem,filename,shortname,sample_group,fraction,protein,protein_group,razor,protein_idx,decoy_protein,n_possible_proteins,index_protein_group,score_protein_group,target_protein_group,target_cum_protein_group,decoys_cum_protein_group,fdr_protein_group,q_value_protein_group
0,2.0,131380,False,0,0.005145264,14.848775,14.848775,0.0,367,147,,,289559.25,24648676,0.24669658,6080744,0.7241578469714617,0.11016068686868685,12.783699126664054,10.138209857600463,4,2,2,6,5,2,22,877.3803395941707,877.3818,287231456.0,41893851.34935799,458166173.8556179,60499778.839364044,439.6974462639553,7,21,12,0,0,-0.0014226492,-1.6214725,-0.0014226492,-1.6214725,DPFNEEK_2,1,0.0,931,296,12.279738858585858,12.279738858585858,12.500060232323232,12.169578171717172,2439,0.9814892959958103,0.9814892959958103,1,DPFNEEK,DPFNEEK,True,44,True,25.377942657235046,C:\Users\tanja\Namizje\typanosoma\71-PR150.ms_data.hdf,71-PR150,71-PR150,1,TCSYLVIO_004831-t26_1-p1,TCSYLVIO_004831-t26_1-p1,True,13769,False,2,1,1.0,True,2,0,0.0,0.0
4,2.0,309987,False,0,0.003074646,9.486056,9.486056,0.0,639,477,,,325029.38,23621935,0.3027121,7150646,0.6409656771344092,0.14644503030303113,13.860673181613812,10.255450834150547,3,1,0,7,5,6,101,1014.4624417468937,1014.46265,213191888.0,32367152.28833151,312649828.31532806,44284256.73013843,508.2384973403168,8,22,14,0,0,-0.00023008656,-0.22680636,-0.00023008656,-0.22680636,MYVTSMQR_2,1,0.0,1223,424,12.74869103030303,12.74869103030303,12.968358575757575,12.65106101010101,2606,0.9838275180612222,0.9838275180612222,1,MYVTSMQR,MYVTSMQR,True,40,True,26.099634090532724,C:\Users\tanja\Namizje\typanosoma\71-PR150.ms_data.hdf,71-PR150,71-PR150,1,TCSYLVIO_004831-t26_1-p1,TCSYLVIO_004831-t26_1-p1,True,13769,False,2,1,1.0,True,2,0,0.0,0.0
5,2.0,330845,False,0,-0.0028167726,-8.625901,8.625901,0.0,607,551,,,52032.047,8007449,0.13645707,1092673,0.6321750613085391,0.08896345454545518,12.0341360727971,10.114800980936625,3,1,0,7,4,6,102,1030.4548232736072,1030.4576,53636348.0,5387265.276490496,99774820.36488177,9879631.670142055,516.2346881036736,8,21,14,0,0,-0.0027631898,-2.681521,-0.0027631898,-2.681521,MYVTSoxMQR_2,1,0.0,1256,156,11.977854575757576,11.977854575757576,12.096472515151515,11.888891121212122,2255,0.9723132278959007,0.9723132278959007,1,MYVTSoxMQR,MYVTSMQR,True,52,True,24.221058376111678,C:\Users\tanja\Namizje\typanosoma\71-PR150.ms_data.hdf,71-PR150,71-PR150,1,TCSYLVIO_004831-t26_1-p1,TCSYLVIO_004831-t26_1-p1,True,13769,False,2,1,1.0,True,2,0,0.0,0.0
6,2.0,330844,False,0,-0.00018768311,-0.55856895,0.55856895,0.0,1475,587,,,250502.78,22216468,0.3044397,6763575,0.6404112283959809,0.10495357575757502,13.869193950352525,10.246579654335694,3,3,1,7,6,7,148,1030.455588799093,1030.4576,52839052.0,7983665.265108007,97538877.62623446,13897595.7708636,516.2350708664165,8,27,14,0,0,-0.0019976643,-1.9386206,-0.0019976643,-1.9386206,oxMYVTSMQR_2,1,0.0,1258,212,12.192748575757575,12.192748575757575,12.586324484848484,12.087795,2335,0.9836472129645096,0.9836472129645096,1,oxMYVTSMQR,MYVTSMQR,True,41,True,26.043982984676617,C:\Users\tanja\Namizje\typanosoma\71-PR150.ms_data.hdf,71-PR150,71-PR150,1,TCSYLVIO_004831-t26_1-p1,TCSYLVIO_004831-t26_1-p1,True,13769,False,2,1,1.0,True,2,0,0.0,0.0
7,2.0,335248,False,0,0.0039505004,10.455353,10.455353,0.0,1452,688,,,136001.69,10206360,0.33312973,3400042,0.6418186001179655,0.09129282828282825,14.187169091816767,10.269097601887449,3,2,1,7,6,6,20,1033.4805891193723,1033.4829,30255862.0,3081644.172551506,53968254.83263009,5320329.766765635,517.7475710265562,8,25,14,0,1,-0.002284124,-2.2101252,-0.002284124,-2.2101252,DPFNEEKR_2,1,0.0,1266,121,11.789598444444444,11.789598444444444,11.923026424242424,11.708839404040404,2205,0.9814146894759581,0.9814146894759581,1,DPFNEEKR,DPFNEEKR,True,45,True,25.356219172744737,C:\Users\tanja\Namizje\typanosoma\71-PR150.ms_data.hdf,71-PR150,71-PR150,1,TCSYLVIO_004831-t26_1-p1,TCSYLVIO_004831-t26_1-p1,True,13769,False,2,1,1.0,True,2,0,0.0,0.0
9,2.0,449729,False,0,0.0036697388,9.23311,9.23311,0.0,811,1061,,,127666.03,20002935,0.20423567,4085313,0.7839926074181948,0.12300587878787894,17.105421275684947,14.111866933527505,6,3,1,8,7,7,142,1123.5403208780629,1123.541,630681664.0,84523197.03980476,1054858702.1559691,133678674.58563398,562.7774369059015,9,32,16,0,0,-0.0007359854,-0.655059,-0.0007359854,-0.655059,YSPFSDRPR_2,1,0.0,1480,258,12.401702757575757,12.401702757575757,12.647714515151515,12.319698838383838,2394,1.0,1.0,1,YSPFSDRPR,YSPFSDRPR,True,23,True,32.40676301988332,C:\Users\tanja\Namizje\typanosoma\71-PR150.ms_data.hdf,71-PR150,71-PR150,1,TCSYLVIO_004831-t26_1-p1,TCSYLVIO_004831-t26_1-p1,True,13769,False,2,1,1.0,True,2,0,0.0,0.0
11,2.0,472832,False,0,0.0007465069,2.0324996,2.0324996,0.0,1462,1316,,,125850.06,9879228,0.4331211,4278902,0.7423205256749033,0.08158359595959475,19.366541687933445,13.361769462148258,5,3,4,8,6,8,67,1142.5554441968836,1142.5576,27675922.0,3150076.956197501,55535289.671676755,5651974.472182148,572.2849985653119,9,34,16,0,1,-0.0021906365,-1.9173112,-0.0021906365,-1.9173112,KMYVTSMQR_2,1,0.0,1547,193,12.141599989898989,12.141599989898989,12.274173333333334,12.039620494949494,2309,1.0,1.0,1,KMYVTSMQR,KMYVTSMQR,True,11,True,30.661301638116658,C:\Users\tanja\Namizje\typanosoma\71-PR150.ms_data.hdf,71-PR150,71-PR150,1,TCSYLVIO_004831-t26_1-p1,TCSYLVIO_004831-t26_1-p1,True,13769,False,2,1,1.0,True,2,0,0.0,0.0
12,2.0,492892,False,0,0.0019874573,5.624779,5.624779,0.0,2076,1412,,,50837.59,5170856,0.21629436,1118427,0.677118826059833,0.07509220202020117,15.27843601868385,12.188138869076994,4,5,2,8,1,2,69,1158.5477905601306,1158.5525,6814338.0,484422.06039450166,13625422.594853384,963523.4032245289,580.2811717469353,9,22,16,0,1,-0.0047589033,-4.107637,-0.0047589033,-4.107637,KMYVTSoxMQR_2,1,0.0,1563,80,11.610673444444444,11.610673444444444,11.664104434343434,11.558686535353536,2152,0.9960680993957554,0.9960680993957554,1,KMYVTSoxMQR,KMYVTSMQR,True,33,True,27.710090524894376,C:\Users\tanja\Namizje\typanosoma\71-PR150.ms_data.hdf,71-PR150,71-PR150,1,TCSYLVIO_004831-t26_1-p1,TCSYLVIO_004831-t26_1-p1,True,13769,False,2,1,1.0,True,2,0,0.0,0.0
14,2.0,526707,False,0,0.006134033,16.873344,16.873344,0.0,839,1537,,,1902194.9,127310034,0.4034188,51359263,0.5558197725119108,0.1674990909090912,17.671140312478673,12.228034995262039,3,4,1,9,7,3,39,1185.6270067220898,1185.6241,595211648.0,104312643.49320231,1046754421.2172523,199721837.5122952,593.820779827915,11,27,20,0,0,0.0028889086,2.4366112,0.0028889086,2.4366112,ETVPTLQVDGK_2,1,0.0,1624,679,13.929182727272726,13.929182727272726,14.347930454545455,13.817516666666666,2965,1.0,1.0,1,ETVPTLQVDGK,ETVPTLQVDGK,True,6,True,32.34794281686408,C:\Users\tanja\Namizje\typanosoma\71-PR150.ms_data.hdf,71-PR150,71-PR150,1,TCSYLVIO_004831-t26_1-p1,TCSYLVIO_004831-t26_1-p1,True,13769,False,2,1,1.0,True,2,0,0.0,0.0
15,2.0,526707,False,0,-0.003281657,-9.830256,9.830256,0.0,839,1564,,,261105.67,28714729,0.3364444,9660910,0.6892253465270227,0.1674990909090912,19.84937439404614,15.1629576235945,6,5,2,9,8,7,39,1185.6270067220898,1185.6241,595211648.0,104312643.49320231,1046754421.2172523,199721837.5122952,593.820779827915,11,37,20,0,0,0.0028889086,2.4366112,0.0028889086,2.4366112,ETVPTLQVDGK_2,1,0.0,1625,737,13.929182727272726,13.929182727272726,14.347930454545455,13.817516666666666,3044,1.0,1.0,1,ETVPTLQVDGK,ETVPTLQVDGK,True,6,True,35.46467709674201,C:\Users\tanja\Namizje\typanosoma\71-PR150.ms_data.hdf,71-PR150,71-PR150,1,TCSYLVIO_004831-t26_1-p1,TCSYLVIO_004831-t26_1-p1,True,13769,False,2,1,1.0,True,2,0,0.0,0.0
21,2.0,680829,False,0,-0.0037656513,-9.300671,9.300671,0.0,2139,2183,,,135789.5,11347952,0.40684372,4616843,0.5916054023081286,0.14540000000000042,20.35836093128738,14.198529655395088,4,5,0,10,9,6,37,1313.7173745325722,1313.7191,19919850.0,3352847.1949504963,45619519.57784566,8094001.6056665,657.8659637331561,12,34,22,0,1,-0.0017062809,-1.298818,-0.0017062809,-1.298818,ETVPTLQVDGKK_2,1,0.0,2003,391,12.749749666666666,12.749749666666666,13.040549666666667,12.517109666666666,2562,1.0,1.0,1,ETVPTLQVDGKK,ETVPTLQVDGKK,True,5,True,33.62768809956941,C:\Users\tanja\Namizje\typanosoma\71-PR150.ms_data.hdf,71-PR150,71-PR150,1,TCSYLVIO_004831-t26_1-p1,TCSYLVIO_004831-t26_1-p1,True,13769,False,2,1,1.0,True,2,0,0.0,0.0
22,3.0,680829,False,0,-0.007086436,-22.434708,22.434708,0.0,1086,2305,,,61925.13,6338027,0.30288273,1919679,0.5060743535277882,0.10118123232323128,15.031477482286322,12.145784484666915,4,5,1,8,8,5,38,1313.7176552371834,1313.7191,9262017.0,1536294.2630864973,19021083.927224126,3445125.0727334768,438.9131615459311,12,31,22,0,1,-0.0014255763,-1.0851461,-0.0014255763,-1.0851461,ETVPTLQVDGKK_3,1,0.0,2005,369,12.757079838383838,12.757079838383838,13.045057191919192,12.523584686868688,2533,0.9971828130729199,0.9971828130729199,1,ETVPTLQVDGKK,ETVPTLQVDGKK,True,30,True,28.250325275619772,C:\Users\tanja\Namizje\typanosoma\71-PR150.ms_data.hdf,71-PR150,71-PR150,1,TCSYLVIO_004831-t26_1-p1,TCSYLVIO_004831-t26_1-p1,True,13769,False,2,1,1.0,True,2,0,0.0,0.0
28,2.0,807696,False,0,-0.009175618,-26.068314,26.068314,0.0,2399,2684,,,32536.525,1832868,0.33728233,618194,0.5108664399182047,0.14466727272727198,17.551873971760465,12.260794558036913,2,3,0,10,3,1,27,1422.6297136952203,1422.6304,6654252.0,1015056.2724799988,14478904.468724504,2175253.346979489,712.3221333144802,12,19,22,0,0,-0.0006117182,-0.42999107,-0.0006117182,-0.42999107,EEFDWAAGELEK_2,1,0.0,2244,1173,16.8405198989899,16.8405198989899,16.988402,16.721571252525255,3730,0.998771314459953,0.998771314459953,1,EEFDWAAGELEK,EEFDWAAGELEK,True,27,True,29.13211735667162,C:\Users\tanja\Namizje\typanosoma\71-PR150.ms_data.hdf,71-PR150,71-PR150,1,TCSYLVIO_004831-t26_1-p1,TCSYLVIO_004831-t26_1-p1,True,13769,False,2,1,1.0,True,2,0,0.0,0.0
29,2.0,896777,False,0,-0.0110321045,-24.627886,24.627886,0.0,6008,2802,,,5673.0557,2086125,0.048949607,102115,0.3448781532746121,0.07997426262626206,12.570138185318651,11.036100904787586,1,1,0,10,5,1,88,1501.7970091881302,1501.7988,1267815.0,141525.35543899986,2369185.458079592,248813.68963119344,751.9057810609352,16,18,30,0,0,-0.0017785854,-1.1843041,-0.0017785854,-1.1843041,LLTAAAEAGLTSEAGK_2,1,0.0,2415,513,13.221368838383839,13.221368838383839,13.39815405050505,13.111930373737374,2727,0.9874185453403251,0.9874185453403251,1,LLTAAAEAGLTSEAGK,LLTAAAEAGLTSEAGK,True,37,True,26.638267481226773,C:\Users\tanja\Namizje\typanosoma\71-PR150.ms_data.hdf,71-PR150,71-PR150,1,TCSYLVIO_004831-t26_1-p1,TCSYLVIO_004831-t26_1-p1,True,13769,False,1,1,1.0,True,2,0,0.0,0.0
30,3.0,896777,False,0,-0.002520752,-6.869231,6.869231,0.0,2269,2820,,,17652.893,1211689,0.40792727,494281,0.47806721134713615,0.13898145454545485,19.141089894985278,15.298150763108357,6,6,0,9,6,1,89,1501.7991343119716,1501.7988,13047312.0,2173902.5860060006,28924326.593665812,4593350.967186597,501.60698790419383,16,28,30,0,0,0.00034653852,0.23074894,0.00034653852,0.23074894,LLTAAAEAGLTSEAGK_3,1,0.0,2416,794,14.905429121212121,14.905429121212121,15.171810242424243,14.743284090909091,3148,1.0,1.0,1,LLTAAAEAGLTSEAGK,LLTAAAEAGLTSEAGK,True,17,True,32.49193815245243,C:\Users\tanja\Namizje\typanosoma\71-PR150.ms_data.hdf,71-PR150,71-PR150,1,TCSYLVIO_004831-t26_1-p1,TCSYLVIO_004831-t26_1-p1,True,13769,False,1,1,1.0,True,2,0,0.0,0.0
31,3.0,896777,False,0,0.0008125305,2.0505154,2.0505154,0.0,2269,2848,,,27310.824,2403112,0.3864023,928568,0.5088801910813977,0.13898145454545485,21.711807153327573,16.284166114604727,5,6,0,11,10,2,89,1501.7991343119716,1501.7988,13047312.0,2173902.5860060006,28924326.593665812,4593350.967186597,501.60698790419383,16,34,30,0,0,0.00034653852,0.23074894,0.00034653852,0.23074894,LLTAAAEAGLTSEAGK_3,1,0.0,2417,829,14.905429121212121,14.905429121212121,15.171810242424243,14.743284090909091,3215,1.0,1.0,1,LLTAAAEAGLTSEAGK,LLTAAAEAGLTSEAGK,True,17,True,36.03119848215198,C:\Users\tanja\Namizje\typanosoma\71-PR150.ms_data.hdf,71-PR150,71-PR150,1,TCSYLVIO_004831-t26_1-p1,TCSYLVIO_004831-t26_1-p1,True,13769,False,1,1,1.0,True,2,0,0.0,0.0
32,2.0,904494,False,0,0.0045166016,10.562873,10.562873,0.0,1807,2896,,,41948.824,1920699,0.3712867,713130,0.552380629696232,0.28750181818181986,20.62954904039358,14.361896372102033,3,0,0,11,3,0,130,1508.813821193899,1508.8126,2875617.0,840584.3192249994,6616509.230884323,1904495.4784231954,755.4141870638196,13,17,24,0,0,0.0011743305,0.778314,0.0011743305,0.778314,VEFFLSEIGDLIK_2,1,0.0,2434,1944,21.770549636363636,21.770549636363636,22.369511757575758,21.63877796969697,5097,1.0,1.0,1,VEFFLSEIGDLIK,VEFFLSEIGDLIK,True,20,True,32.77148632606935,C:\Users\tanja\Namizje\typanosoma\71-PR150.ms_data.hdf,71-PR150,71-PR150,1,TCSYLVIO_004831-t26_1-p1,TCSYLVIO_004831-t26_1-p1,True,13769,False,1,1,1.0,True,2,0,0.0,0.0
34,2.0,969680,False,0,-0.008126395,-17.800112,17.800112,0.0,1230,2975,,,77074.64,8156962,0.26457033,2158090,0.5473509575671017,0.14968444444444273,18.984402427495176,14.231124896744646,3,1,0,11,9,4,132,1568.7772302074852,1568.7762,15217484.0,3035573.264201013,37932329.41649021,7049670.084975435,785.3958915706127,13,28,24,0,0,0.00096878404,0.6175411,0.00096878404,0.6175411,VFFSLSEYSSIYK_2,1,0.0,2510,1717,18.93735101010101,18.93735101010101,19.27754292929293,18.67880515151515,4455,1.0,1.0,1,VFFSLSEYSSIYK,VFFSLSEYSSIYK,True,21,True,33.87880144431519,C:\Users\tanja\Namizje\typanosoma\71-PR150.ms_data.hdf,71-PR150,71-PR150,1,TCSYLVIO_004831-t26_1-p1,TCSYLVIO_004831-t26_1-p1,True,13769,False,1,1,1.0,True,2,0,0.0,0.0
35,2.0,969680,False,0,0.0059298,13.039836,13.039836,0.0,1230,3003,,,19163.8,859731,0.3343569,287457,0.5124491533711394,0.14968444444444273,19.153205287211538,13.323677987649624,2,0,0,11,2,0,132,1568.7772302074852,1568.7762,15217484.0,3035573.264201013,37932329.41649021,7049670.084975435,785.3958915706127,13,15,24,0,0,0.00096878404,0.6175411,0.00096878404,0.6175411,VFFSLSEYSSIYK_2,1,0.0,2511,1752,18.93735101010101,18.93735101010101,19.27754292929293,18.67880515151515,4519,1.0,1.0,1,VFFSLSEYSSIYK,VFFSLSEYSSIYK,True,21,True,30.764283589249988,C:\Users\tanja\Namizje\typanosoma\71-PR150.ms_data.hdf,71-PR150,71-PR150,1,TCSYLVIO_004831-t26_1-p1,TCSYLVIO_004831-t26_1-p1,True,13769,False,1,1,1.0,True,2,0,0.0,0.0
41,2.0,1035033,False,0,0.009914943,21.649115,21.649115,0.0,1525,3156,,,11487.526,445561,0.4898611,218263,0.42317517229105883,0.05953990909090834,22.282682299060482,14.387955857896,2,4,0,12,1,0,87,1629.89258966002,1629.8938,33816232.0,3284014.700330995,69847722.49804871,7637077.430733328,815.95357129688,17,19,32,0,1,-0.0011611135,-0.71238625,-0.0011611135,-0.71238625,LLTAAAEAGLTSEAGKK_2,1,0.0,2577,704,13.811691454545453,13.811691454545453,14.188777545454546,13.75876709090909,2998,1.0,1.0,1,LLTAAAEAGLTSEAGKK,LLTAAAEAGLTSEAGKK,True,16,True,32.97381771286913,C:\Users\tanja\Namizje\typanosoma\71-PR150.ms_data.hdf,71-PR150,71-PR150,1,TCSYLVIO_004831-t26_1-p1,TCSYLVIO_004831-t26_1-p1,True,13769,False,1,1,1.0,True,2,0,0.0,0.0
42,2.0,1035033,False,0,-0.0010391235,-2.1932015,2.1932015,0.0,1525,3175,,,28903.441,3942589,0.24925677,982717,0.5929449942067778,0.05953990909090834,25.37553071008516,20.160129803030447,6,6,0,14,5,3,87,1629.89258966002,1629.8938,33816232.0,3284014.700330995,69847722.49804871,7637077.430733328,815.95357129688,17,34,32,0,1,-0.0011611135,-0.71238625,-0.0011611135,-0.71238625,LLTAAAEAGLTSEAGKK_2,1,0.0,2578,648,13.811691454545453,13.811691454545453,14.188777545454546,13.75876709090909,2918,1.0,1.0,1,LLTAAAEAGLTSEAGKK,LLTAAAEAGLTSEAGKK,True,16,True,45.56854885822717,C:\Users\tanja\Namizje\typanosoma\71-PR150.ms_data.hdf,71-PR150,71-PR150,1,TCSYLVIO_004831-t26_1-p1,TCSYLVIO_004831-t26_1-p1,True,13769,False,1,1,1.0,True,2,0,0.0,0.0
44,3.0,1066127,False,0,0.004393728,9.148367,9.148367,0.0,1596,3280,,,321791.7,29746335,0.4543501,13515251,0.60312700497389,0.15439284848484824,26.97719429085428,19.30006415916448,7,6,4,12,6,7,62,1659.8592839123535,1659.858,108066048.0,19624952.179915994,270262164.8783249,48364046.298356615,554.2937044376545,16,42,30,0,0,0.0012498589,0.75299114,0.0012498589,0.75299114,ISSPANALIGSSPYQR_3,1,0.0,2626,968,15.653917555555555,15.653917555555555,15.962703252525252,15.525256848484847,3427,1.0,1.0,1,ISSPANALIGSSPYQR,ISSPANALIGSSPYQR,True,10,True,44.931705166204615,C:\Users\tanja\Namizje\typanosoma\71-PR150.ms_data.hdf,71-PR150,71-PR150,1,TCSYLVIO_004831-t26_1-p1,TCSYLVIO_004831-t26_1-p1,True,13769,False,1,1,1.0,True,2,0,0.0,0.0
46,3.0,1102983,False,0,0.0028709997,7.692528,7.692528,0.0,896,3571,,,21996.65,1388269,0.3168932,439933,0.4726695618788578,0.16930252525252243,15.56243503640646,13.234747732608017,5,3,0,8,4,0,72,1696.875957164249,1696.8712,2293874.0,551072.2394824985,6259092.259949926,1056585.9887262199,566.6325955216197,14,20,26,0,1,0.0047327406,2.7890944,0.0047327406,2.7890944,KVFFSLSEYSSIYK_3,1,0.0,2737,1337,17.21867094949495,17.21867094949495,17.523415494949496,17.02905212121212,3924,0.9974280747942529,0.9974280747942529,1,KVFFSLSEYSSIYK,KVFFSLSEYSSIYK,True,29,True,28.3864723670998,C:\Users\tanja\Namizje\typanosoma\71-PR150.ms_data.hdf,71-PR150,71-PR150,1,TCSYLVIO_004831-t26_1-p1,TCSYLVIO_004831-t26_1-p1,True,13769,False,1,1,1.0,True,2,0,0.0,0.0
47,3.0,1206699,False,0,-0.008178711,-17.346766,17.346766,0.0,2616,3616,,,15612.739,899526,0.39920247,359093,0.5118726603418541,0.06990164646464692,18.341158033850647,15.356179810255624,7,1,4,8,1,2,53,1801.974115953723,1801.9727,3462176.0,916139.3721359988,9138856.296186276,1777093.1803548357,601.6653151181109,15,23,28,0,1,0.0014461903,0.8025592,0.0014461903,0.8025592,HRVEFFLSEIGDLIK_3,1,0.0,2869,1859,20.47716119191919,20.47716119191919,21.016402464646465,20.317386,4801,1.0,1.0,1,HRVEFFLSEIGDLIK,HRVEFFLSEIGDLIK,True,8,True,31.921100950657458,C:\Users\tanja\Namizje\typanosoma\71-PR150.ms_data.hdf,71-PR150,71-PR150,1,TCSYLVIO_004831-t26_1-p1,TCSYLVIO_004831-t26_1-p1,True,13769,False,1,1,1.0,True,2,0,0.0,0.0
52,2.0,1307618,False,0,-0.0001449585,-0.28034946,0.28034946,0.0,1187,3879,,,62394.438,8907209,0.27319252,2433383,0.5356226657993278,0.26004428282828584,24.157135937567777,18.211170637177148,4,3,1,14,6,11,15,1907.8920937855585,1907.8934,19269634.0,4213916.746747985,56168425.9236978,12401267.333968705,954.9533233596493,17,39,32,0,0,-0.0013992179,-0.7333839,-0.0013992179,-0.7333839,AcCTPDLTEGQDLLANYK_2,1,0.0,3007,1237,16.971757484848485,16.971757484848485,17.059837,16.69493615151515,3807,1.0,1.0,1,AcCTPDLTEGQDLLANYK,ACTPDLTEGQDLLANYK,True,3,True,43.07406804128774,C:\Users\tanja\Namizje\typanosoma\71-PR150.ms_data.hdf,71-PR150,71-PR150,1,TCSYLVIO_004831-t26_1-p1,TCSYLVIO_004831-t26_1-p1,True,13769,False,1,1,1.0,True,2,0,0.0,0.0
54,3.0,1390112,False,0,-0.0010722767,-2.7250726,2.7250726,0.0,1615,4025,,,10022.154,507077,0.2569393,130288,0.3304042233288853,0.12821676767676848,12.858218173534198,11.233743593182101,3,0,1,8,1,0,108,1996.8848045969798,1996.8837,1391290.0,184168.49383900044,3888726.803642143,548506.7507086582,666.6355446658632,17,13,32,0,1,0.0011481536,0.5749725,0.0011481536,0.5749725,NoxMNAKEEFDWAAGELEK_3,1,0.0,3101,1020,16.123296424242426,16.123296424242426,16.369867131313132,15.995079656565656,3508,0.9708788342979593,0.9708788342979593,1,NoxMNAKEEFDWAAGELEK,NMNAKEEFDWAAGELEK,True,53,True,24.17386503568022,C:\Users\tanja\Namizje\typanosoma\71-PR150.ms_data.hdf,71-PR150,71-PR150,1,TCSYLVIO_004831-t26_1-p1,TCSYLVIO_004831-t26_1-p1,True,13769,False,2,1,1.0,True,2,0,0.0,0.0
56,2.0,1578596,False,0,-0.005368187,-7.3689675,7.3689675,0.0,931,4125,,,21901.303,1659882,0.4354183,722743,0.5333775834667764,0.14549757575757738,24.27899241405861,21.335103338671058,12,6,3,9,0,3,138,2214.1851826809434,2214.1838,9265512.0,1383690.3683870023,23596030.882599294,3945655.9224847746,1108.0998678073418,20,33,38,0,0,0.0014573075,0.658169,0.0014573075,0.658169,VPTSHVTWSLAPGYVLFVNK_2,1,0.0,3281,1719,18.80986881818182,18.80986881818182,19.156824575757575,18.675563363636364,4459,1.0,1.0,1,VPTSHVTWSLAPGYVLFVNK,VPTSHVTWSLAPGYVLFVNK,True,22,True,46.27985095034502,C:\Users\tanja\Namizje\typanosoma\71-PR150.ms_data.hdf,71-PR150,71-PR150,1,TCSYLVIO_004831-t26_1-p1,TCSYLVIO_004831-t26_1-p1,True,13769,False,1,1,1.0,True,2,0,0.0,0.0
57,3.0,1682844,False,0,-0.0020573933,-3.349499,3.349499,0.0,1205,4179,,,17222.193,2194795,0.24325188,533888,0.43353321098759734,0.12939363636363765,17.5735467344708,18.20839486147909,9,4,3,9,1,5,73,2342.2779567753273,2342.2788,5964646.0,1249048.0067395002,18406712.051496204,3557553.0078133564,781.7665953919791,21,31,40,0,1,-0.0007315981,-0.31234467,-0.0007315981,-0.31234467,KVPTSHVTWSLAPGYVLFVNK_3,1,0.0,3402,1468,17.656855555555556,17.656855555555556,18.045036464646465,17.36931414141414,4089,1.0,1.0,1,KVPTSHVTWSLAPGYVLFVNK,KVPTSHVTWSLAPGYVLFVNK,True,12,True,38.7915963182795,C:\Users\tanja\Namizje\typanosoma\71-PR150.ms_data.hdf,71-PR150,71-PR150,1,TCSYLVIO_004831-t26_1-p1,TCSYLVIO_004831-t26_1-p1,True,13769,False,1,1,1.0,True,2,0,0.0,0.0
58,4.0,1682844,False,0,-0.0010569255,-1.8062383,1.8062383,0.0,899,4210,,,20957.727,1662392,0.27735335,461070,0.36305015102735494,0.1793172727272747,14.135422657889325,15.248106343148908,8,1,4,7,1,1,74,2342.278865012639,2342.2788,3040613.0,671006.5638744978,9856858.861423435,2217003.616020601,586.5769927200298,21,22,40,0,1,0.00017663918,0.07541339,0.00017663918,0.07541339,KVPTSHVTWSLAPGYVLFVNK_4,1,0.0,3405,1456,17.652627474747472,17.652627474747472,18.080996515151515,17.363727424242423,4075,1.0,1.0,1,KVPTSHVTWSLAPGYVLFVNK,KVPTSHVTWSLAPGYVLFVNK,True,13,True,32.17106941808013,C:\Users\tanja\Namizje\typanosoma\71-PR150.ms_data.hdf,71-PR150,71-PR150,1,TCSYLVIO_004831-t26_1-p1,TCSYLVIO_004831-t26_1-p1,True,13769,False,1,1,1.0,True,2,0,0.0,0.0
1,2.0,246473,False,0,-0.006704712,-19.845861,19.845861,0.0,3421,230,,,24898.475,3010643,0.15713288,473071,0.5623798821565875,0.14052060606060657,12.792875868558802,10.122837878818576,2,0,1,8,7,1,141,964.5218448232091,964.52295,3872552.0,618603.8663645004,6211043.792290171,1034151.4310468358,483.26819887847455,9,19,16,0,0,-0.0011023902,-1.142939,-0.0011023902,-1.142939,YLAELAGTK_2,1,0.0,1101,549,13.561177707070708,13.561177707070708,13.814114797979798,13.420657101010102,2783,0.9779855394895655,0.9779855394895655,1,YLAELAGTK,YLAELAGTK,True,51,True,24.364750845222776,C:\Users\tanja\Namizje\typanosoma\71-PR150.ms_data.hdf,71-PR150,71-PR150,1,TCSYLVIO_004545-t26_1-p1,TCSYLVIO_004545-t26_1-p1,False,13484,False,1,0,1.0,True,1,0,0.0,0.0
8,2.0,405784,False,0,-0.0072235106,-22.36121,22.36121,0.0,3409,865,,,69461.875,16696947,0.06656247,1111390,0.5014966209091998,0.13063888888888897,11.462048825292724,10.029932418183995,2,1,0,8,3,2,123,1088.5495371722186,1088.5502,2475509.0,340156.46415100107,4085125.223550475,540449.0716405627,545.2820450529794,10,16,18,0,0,-0.00068742124,-0.63150185,-0.00068742124,-0.63150185,SPEATWVTAK_2,1,0.0,1402,547,13.462905383838384,13.462905383838384,13.572167,13.337017,2779,0.980939652994863,0.980939652994863,1,SPEATWVTAK,SPEATWVTAK,True,46,True,25.218872125432068,C:\Users\tanja\Namizje\typanosoma\71-PR150.ms_data.hdf,71-PR150,71-PR150,1,TCSYLVIO_004545-t26_1-p1,TCSYLVIO_004545-t26_1-p1,False,13484,False,1,0,1.0,True,1,0,0.0,0.0
36,2.0,974188,False,0,-0.0057296753,-12.215317,12.215317,0.0,1553,3018,,,31641.295,727345,0.73954177,537902,0.48965690284527963,0.15111737373737455,26.717000076076765,14.689707085358389,2,0,2,12,1,0,12,1572.8124233279248,1572.8108,4877576.0,807715.0242919998,10070696.135048075,1909185.2035468458,787.4134881308324,15,17,28,0,0,0.0016738045,1.0642117,0.0016738045,1.0642117,AQVVGDDLTVTNVSR_2,1,0.0,2512,796,14.614180979797979,14.614180979797979,15.037309626262626,14.478175343434343,3152,1.0,1.0,1,AQVVGDDLTVTNVSR,AQVVGDDLTVTNVSR,True,2,True,33.87579334263948,C:\Users\tanja\Namizje\typanosoma\71-PR150.ms_data.hdf,71-PR150,71-PR150,1,TCSYLVIO_004545-t26_1-p1,TCSYLVIO_004545-t26_1-p1,False,13484,False,1,0,1.0,True,1,0,0.0,0.0
37,2.0,974188,False,0,0.0042386735,9.03653,9.03653,0.0,1553,3035,,,32525.777,805633,0.72671306,585464,0.48939388861512206,0.15111737373737455,26.518677579655463,14.681816658453663,2,0,2,12,2,0,12,1572.8124233279248,1572.8108,4877576.0,807715.0242919998,10070696.135048075,1909185.2035468458,787.4134881308324,15,18,28,0,0,0.0016738045,1.0642117,0.0016738045,1.0642117,AQVVGDDLTVTNVSR_2,1,0.0,2513,769,14.614180979797979,14.614180979797979,15.037309626262626,14.478175343434343,3097,1.0,1.0,1,AQVVGDDLTVTNVSR,AQVVGDDLTVTNVSR,True,2,True,33.960521650441926,C:\Users\tanja\Namizje\typanosoma\71-PR150.ms_data.hdf,71-PR150,71-PR150,1,TCSYLVIO_004545-t26_1-p1,TCSYLVIO_004545-t26_1-p1,False,13484,False,1,0,1.0,True,1,0,0.0,0.0
39,2.0,989673,False,0,-0.0013024466,-3.1152177,3.1152177,0.0,3851,3078,,,26339.1,1111825,0.47379938,526782,0.48012163185153534,0.1664622828282809,22.52917389778858,14.40364895554606,2,1,2,12,3,0,59,1586.8507879405229,1586.8516,4601224.0,749525.5766719951,9810026.918368269,1684401.9449936838,794.4326704371315,15,20,28,0,0,-0.00076370296,-0.48126942,-0.00076370296,-0.48126942,INQIGTITEAIEASK_2,1,0.0,2530,1321,17.242419787878788,17.242419787878788,17.50680106060606,17.139604848484847,3907,1.0,1.0,1,INQIGTITEAIEASK,INQIGTITEAIEASK,True,9,True,33.85490375592442,C:\Users\tanja\Namizje\typanosoma\71-PR150.ms_data.hdf,71-PR150,71-PR150,1,TCSYLVIO_004545-t26_1-p1,TCSYLVIO_004545-t26_1-p1,False,13484,False,1,0,1.0,True,1,0,0.0,0.0
48,3.0,1244076,False,0,0.013700045,30.76343,30.76343,0.0,1505,3677,,,15377.77,588403,0.33975184,199911,0.37054866213198173,0.08563378787878761,18.149101977819626,13.339751836751342,2,0,0,11,0,0,119,1840.8722424741222,1840.8738,3633197.0,413583.4642240005,9235650.365256393,1130793.2461873917,614.6313572915774,18,13,34,0,0,-0.0015179693,-0.82459205,-0.0015179693,-0.82459205,SAVPSGASTGIHEAcCELR_3,1,0.0,2919,431,13.000529303030303,13.000529303030303,13.234594989898989,12.903477676767677,2615,1.0,1.0,1,SAVPSGASTGIHEAcCELR,SAVPSGASTGIHEACELR,True,18,True,30.40108257292212,C:\Users\tanja\Namizje\typanosoma\71-PR150.ms_data.hdf,71-PR150,71-PR150,1,TCSYLVIO_004545-t26_1-p1,TCSYLVIO_004545-t26_1-p1,False,13484,False,1,0,1.0,True,1,0,0.0,0.0
49,2.0,1244076,False,0,0.0028101604,5.6710587,5.6710587,0.0,2161,3690,,,13437.083,355269,0.45386735,161245,0.34594075975606586,0.07742381818181876,18.933268605114314,12.45386735121837,1,0,0,11,0,0,118,1840.872335135009,1840.8738,1459593.0,161210.25500050033,3848793.929989342,418148.733751382,921.4434440343746,18,12,34,0,0,-0.0014253084,-0.77425677,-0.0014253084,-0.77425677,SAVPSGASTGIHEAcCELR_2,1,0.0,2920,446,13.002443313131312,13.002443313131312,13.217509474747475,12.916416848484849,2636,0.9994214038003226,0.9994214038003226,1,SAVPSGASTGIHEAcCELR,SAVPSGASTGIHEACELR,True,25,True,29.492988072299216,C:\Users\tanja\Namizje\typanosoma\71-PR150.ms_data.hdf,71-PR150,71-PR150,1,TCSYLVIO_004545-t26_1-p1,TCSYLVIO_004545-t26_1-p1,False,13484,False,1,0,1.0,True,1,0,0.0,0.0
51,3.0,1271217,False,0,0.00039927164,1.1084695,1.1084695,0.0,2504,3732,,,17382.467,631668,0.41277537,260737,0.3643471589133384,0.12028787878788094,15.511156245204313,12.387803403053505,4,0,2,8,1,0,51,1868.9602120997051,1868.9607,816433.0,142072.0624580004,2264720.980305471,352692.34281936294,623.9940138334383,17,15,32,0,0,-0.00051275373,-0.27435237,-0.00051275373,-0.27435237,HAGNALPFQEFMIAPVK_3,1,0.0,2960,1609,18.282026848484847,18.282026848484847,18.546660181818183,18.149710181818183,4280,0.9843274057351757,0.9843274057351757,1,HAGNALPFQEFMIAPVK,HAGNALPFQEFMIAPVK,True,38,True,26.25392424852927,C:\Users\tanja\Namizje\typanosoma\71-PR150.ms_data.hdf,71-PR150,71-PR150,1,TCSYLVIO_004545-t26_1-p1,TCSYLVIO_004545-t26_1-p1,False,13484,False,1,0,1.0,True,1,0,0.0,0.0
55,3.0,1463077,False,0,0.0019976299,4.487226,4.487226,0.0,1556,4056,,,9583.066,387957,0.37052044,143746,0.34297529537208166,0.14844969696969734,17.81678544226955,12.347110633394939,1,0,0,11,1,2,40,2078.8947703787544,2078.8926,1201944.0,198870.50643549996,3485424.1210854664,592124.9657241654,693.9721999264548,18,15,34,0,1,0.0022637052,1.088899,0.0022637052,1.088899,FAIcCMDSAASETYDENKK_3,1,0.0,3168,780,14.638704666666667,14.638704666666667,14.871275858585859,14.49025496969697,3116,0.9992144588441821,0.9992144588441821,1,FAIcCMDSAASETYDENKK,FAICMDSAASETYDENKK,True,26,True,29.378110978059375,C:\Users\tanja\Namizje\typanosoma\71-PR150.ms_data.hdf,71-PR150,71-PR150,1,TCSYLVIO_004545-t26_1-p1,TCSYLVIO_004545-t26_1-p1,False,13484,False,1,0,1.0,True,1,0,0.0,0.0
2,2.0,279890,False,0,-0.003968811,-12.147685,12.147685,0.0,3303,384,,,38393.41,2192974,0.38516417,844655,0.5142739266402612,0.10774209090909181,14.900238612929593,10.285478532805223,2,3,2,8,5,2,124,990.5125314384481,990.5134,3638055.0,471789.1903974988,5867341.304998273,735980.7585964978,496.26354218609407,10,22,18,0,0,-0.000913615,-0.9223655,-0.000913615,-0.9223655,SQGATFGPVK_2,1,0.0,1169,333,12.575973,12.575973,12.84249290909091,12.485242818181819,2490,0.9799904640360954,0.9799904640360954,1,SQGATFGPVK,SQGATFGPVK,True,48,True,24.944433622250223,C:\Users\tanja\Namizje\typanosoma\71-PR150.ms_data.hdf,71-PR150,71-PR150,1,TcCLB.510163.20:mRNA-p1,TcCLB.510163.20:mRNA-p1,True,8899,False,2,7,1.0,True,6,0,0.0,0.0
43,2.0,1047752,False,0,-0.0040187836,-9.088388,9.088388,0.0,3227,3252,,,21661.705,538253,0.68415594,368249,0.49057031020072467,0.08990181818181853,27.758211463364113,16.67939054682464,4,0,0,12,0,1,0,1642.7036577377946,1642.707,1447773.0,175992.4666265,3415144.515899534,393270.8895081377,822.3591053357674,17,17,32,0,0,-0.0034145357,-2.078605,-0.0034145357,-2.078605,AAAAAADGAEEEDEAPR_2,1,0.0,2600,159,11.972544727272727,11.972544727272727,12.107397454545454,11.79274109090909,2260,1.0,1.0,1,AAAAAADGAEEEDEAPR,AAAAAADGAEEEDEAPR,True,1,True,35.98178294478452,C:\Users\tanja\Namizje\typanosoma\71-PR150.ms_data.hdf,71-PR150,71-PR150,1,TcCLB.510163.20:mRNA-p1,TcCLB.510163.20:mRNA-p1,True,8899,False,1,7,1.0,True,6,0,0.0,0.0
3,2.0,292127,False,0,-0.007171631,-20.996828,20.996828,0.0,3430,464,,,14264.23,752435,0.24644653,185435,0.5611063414115506,0.15874472727272781,14.263880120630658,11.222126828231012,3,0,0,8,1,1,23,1000.5549261182244,1000.5553,1538682.0,250763.65913949988,2438224.454902314,400996.1892079343,501.2847395259822,10,13,18,0,0,-0.00038390522,-0.38369223,-0.00038390522,-0.38369223,DVNAAVATIK_2,1,0.0,1193,563,13.600160151515151,13.600160151515151,13.85150596969697,13.467872878787878,2801,0.978546088438533,0.978546088438533,1,DVNAAVATIK,DVNAAVATIK,True,49,True,24.52682206728433,C:\Users\tanja\Namizje\typanosoma\71-PR150.ms_data.hdf,71-PR150,71-PR150,1,"TCSYLVIO_008641-t26_1-p1,TCSYLVIO_008204-t26_1-p1","TCSYLVIO_008641-t26_1-p1,TCSYLVIO_008204-t26_1-p1",True,"17464,17046",False,2,3,0.9823868485834619,True,8,0,0.0,0.0
33,2.0,921635,False,0,-0.007009333,-17.142536,17.142536,0.0,1735,2936,,,15916.167,458372,0.41667902,190994,0.43861082936331874,0.13929462626262534,16.461102304132616,11.403881563446287,2,0,0,9,1,0,127,1524.7602599557301,1524.7612,837295.0,128893.44677400033,1979500.9218727949,354468.4942905526,763.3874064447351,13,12,24,0,0,-0.0010200677,-0.6690018,-0.0010200677,-0.6690018,TIQFVDWSPTGFK_2,1,0.0,2458,1708,18.878310585858586,18.878310585858586,19.251421191919192,18.778814424242423,4434,0.9823868485834619,0.9823868485834619,1,TIQFVDWSPTGFK,TIQFVDWSPTGFK,True,43,True,25.6549719535642,C:\Users\tanja\Namizje\typanosoma\71-PR150.ms_data.hdf,71-PR150,71-PR150,1,"TCSYLVIO_008641-t26_1-p1,TCSYLVIO_008204-t26_1-p1","TCSYLVIO_008641-t26_1-p1,TCSYLVIO_008204-t26_1-p1",True,"17464,17046",False,2,3,0.9823868485834619,True,8,0,0.0,0.0
10,2.0,451497,False,0,-0.0022061665,-5.767763,5.767763,0.0,3931,1193,,,42384.445,2218334,0.34391576,762920,0.6145920091383894,0.1367145959595959,17.424283539019953,12.291840182767789,3,0,0,9,2,4,82,1124.6715794839386,1124.6707,2334821.0,319504.6367049995,4433240.688994284,602634.8867882931,563.3430662088393,10,18,18,0,0,0.00096504047,0.8580646,0.00096504047,0.8580646,LAVNLVPFPR_2,1,0.0,1498,1528,17.94822372727273,17.94822372727273,18.170873212121215,17.83494591919192,4166,0.9969813575271894,0.9969813575271894,1,LAVNLVPFPR,LAVNLVPFPR,True,32,True,28.138495404799887,C:\Users\tanja\Namizje\typanosoma\71-PR150.ms_data.hdf,71-PR150,71-PR150,1,"TcCLB.506563.40:mRNA-p1,TCSYLVIO_007352-t26_1-p1","TcCLB.506563.40:mRNA-p1,TCSYLVIO_007352-t26_1-p1",True,"626,16235",False,2,6,0.9969813575271894,True,7,0,0.0,0.0
13,2.0,494599,False,0,-0.0027879078,-8.916015,8.916015,0.0,2266,1462,,,32242.54,2933977,0.28572345,838306,0.5102438317228345,0.15189462626262618,15.907129094987486,12.245851961348029,3,3,2,9,2,7,47,1159.5994738664017,1159.5985,2545421.0,468104.27792450006,4920107.596135361,786617.2766482884,580.8070134000709,12,26,22,0,0,0.00090210297,0.7779439,0.00090210297,0.7779439,GGAGEGPIYALR_2,1,0.0,1568,792,14.753250727272727,14.753250727272727,15.010303171717172,14.630566606060606,3144,0.9971511078670904,0.9971511078670904,1,GGAGEGPIYALR,GGAGEGPIYALR,True,31,True,28.2327254172521,C:\Users\tanja\Namizje\typanosoma\71-PR150.ms_data.hdf,71-PR150,71-PR150,1,TCSYLVIO_008414-t26_1-p1,TCSYLVIO_008414-t26_1-p1,True,17247,False,5,2,1.0,True,3,0,0.0,0.0
16,2.0,541731,False,0,-0.0030334473,-7.5871534,7.5871534,0.0,3784,1618,,,35151.355,1071014,0.45948887,492119,0.47475327968720205,0.13345622222222175,16.526391829374084,10.444572153118445,1,1,0,9,0,3,96,1197.6719268370973,1197.6718,1203950.0,197904.8916869992,2521992.911418548,427008.80759941466,599.8432398854187,11,14,20,0,0,0.00019004363,0.15867755,0.00019004363,0.15867755,LTPNSVIADLR_2,1,0.0,1654,1116,16.562558444444445,16.562558444444445,16.870088,16.41169488888889,3653,0.983207621776427,0.983207621776427,1,LTPNSVIADLR,LTPNSVIADLR,True,42,True,25.9083033162288,C:\Users\tanja\Namizje\typanosoma\71-PR150.ms_data.hdf,71-PR150,71-PR150,1,TCSYLVIO_008414-t26_1-p1,TCSYLVIO_008414-t26_1-p1,True,17247,False,4,2,1.0,True,3,0,0.0,0.0
19,2.0,643223,False,0,0.0016313032,5.001506,5.001506,0.0,3869,2066,,,10228.556,416753,0.44178206,184114,0.4715463955868344,0.06794614141414357,15.910539905538197,11.317113494084026,3,3,2,8,1,1,113,1281.7661634884757,1281.7656,943419.0,89523.80546700086,1845650.0766488535,177964.33396066746,641.8903582111079,12,18,22,0,0,0.00052648503,0.41074976,0.00052648503,0.41074976,QLVQLGVLEGVK_2,1,0.0,1936,1401,17.458158212121212,17.458158212121212,17.612343686868687,17.356239,4001,0.9785213615046581,0.9785213615046581,1,QLVQLGVLEGVK,QLVQLGVLEGVK,True,50,True,24.519672781930527,C:\Users\tanja\Namizje\typanosoma\71-PR150.ms_data.hdf,71-PR150,71-PR150,1,TCSYLVIO_008414-t26_1-p1,TCSYLVIO_008414-t26_1-p1,True,17247,False,4,2,1.0,True,3,0,0.0,0.0
40,2.0,1001552,False,0,0.0030844552,7.5014014,7.5014014,0.0,3211,3110,,,13355.765,359208,0.6320795,227048,0.5207428565065365,0.08493742424242434,24.30468081103745,14.580799982183024,3,1,0,11,2,0,17,1598.6482660363588,1598.6519,1200904.0,104229.52752649992,2476833.541951509,231111.43514693115,800.3314094850494,14,17,26,0,0,-0.0035996172,-2.2516606,-0.0035996172,-2.2516606,DEAScCSVYTEHSSK_2,1,0.0,2544,117,11.733299,11.733299,11.880217787878788,11.662135212121212,2199,1.0,1.0,1,DEAScCSVYTEHSSK,DEASCSVYTEHSSK,True,4,True,31.62698404295678,C:\Users\tanja\Namizje\typanosoma\71-PR150.ms_data.hdf,71-PR150,71-PR150,1,TCSYLVIO_008414-t26_1-p1,TCSYLVIO_008414-t26_1-p1,True,17247,False,1,2,1.0,True,3,0,0.0,0.0
45,2.0,1078084,False,0,0.00013912425,0.31345847,0.31345847,0.0,6542,3525,,,16451.8,740929,0.44408575,329036,0.5804899884694306,0.10520454545454605,23.149187119760178,17.414699654082916,7,0,0,10,2,1,41,1671.861280312278,1671.862,1540143.0,201976.5434534996,3260662.8453609566,406800.3742230096,836.9379166230091,15,20,28,0,0,-0.0007763112,-0.46433938,-0.0007763112,-0.46433938,FIFQHAEEVIPSGAK_2,1,0.0,2681,909,15.542793262626262,15.542793262626262,15.780477606060606,15.418106393939393,3347,1.0,1.0,1,FIFQHAEEVIPSGAK,FIFQHAEEVIPSGAK,True,7,True,36.333496380394635,C:\Users\tanja\Namizje\typanosoma\71-PR150.ms_data.hdf,71-PR150,71-PR150,1,TCSYLVIO_008414-t26_1-p1,TCSYLVIO_008414-t26_1-p1,True,17247,False,4,2,1.0,True,3,0,0.0,0.0
50,2.0,1259479,False,0,-0.008317427,-21.545483,21.545483,0.0,2571,3716,,,7127.0625,271822,0.4195135,114033,0.3528489001993952,0.1228313333333304,15.861636041476467,11.291164806380646,2,2,2,9,1,0,33,1856.882305750216,1856.8833,1251042.0,193511.44282599943,3447818.9599893824,519098.7878484187,929.448429341978,16,16,30,0,0,-0.00093989325,-0.50616723,-0.00093989325,-0.50616723,EQPLFGVEDFSEYVAK_2,1,0.0,2952,1781,19.49519722222222,19.49519722222222,19.770105444444443,19.34312033333333,4571,0.9806641559835636,0.9806641559835636,1,EQPLFGVEDFSEYVAK,EQPLFGVEDFSEYVAK,True,47,True,25.139217819812835,C:\Users\tanja\Namizje\typanosoma\71-PR150.ms_data.hdf,71-PR150,71-PR150,1,TCSYLVIO_008414-t26_1-p1,TCSYLVIO_008414-t26_1-p1,True,17247,False,1,2,1.0,True,3,0,0.0,0.0
17,2.0,571917,False,0,-0.00047654373,-1.266518,1.266518,0.0,1148,1699,,,236948.12,23733167,0.3793859,9004029,0.6660086768023836,0.15526323232323236,18.982014290478524,13.320173536047673,4,5,3,9,9,8,143,1222.5688796745173,1222.5686,68013160.0,11874075.859439468,138496008.45466498,23275197.59126588,612.2917163041287,10,38,18,0,0,0.00028610104,0.23401633,0.00028610104,0.23401633,cCMIESDLISR_2,1,0.0,1717,895,15.343515494949495,15.343515494949495,15.622989313131313,15.203778585858586,3327,1.0,1.0,1,cCMIESDLISR,CMIESDLISR,True,24,True,31.993064012223748,C:\Users\tanja\Namizje\typanosoma\71-PR150.ms_data.hdf,71-PR150,71-PR150,1,TcCLB.503419.30:mRNA-p1,TcCLB.503419.30:mRNA-p1,True,6544,False,1,5,1.0,True,5,0,0.0,0.0
18,2.0,591167,False,0,-0.0025593152,-6.0919228,6.0919228,0.0,258,1811,,,141411.8,12089485,0.35091272,4242354,0.5638525379699797,0.3002933333333342,16.489812605999482,11.277050759399595,2,0,4,9,8,7,145,1238.5635884880126,1238.5635,2412437.0,959315.8347624991,3553662.690228731,1378418.566899899,620.2890707108763,10,30,18,0,0,8.028455e-05,0.0648207,8.028455e-05,0.0648207,cCoxMIESDLISR_2,1,0.0,1784,889,15.258658,15.258658,15.61901,14.628042,3318,0.9980930448760901,0.9980930448760901,1,cCoxMIESDLISR,CMIESDLISR,True,28,True,28.755603522468586,C:\Users\tanja\Namizje\typanosoma\71-PR150.ms_data.hdf,71-PR150,71-PR150,1,TcCLB.503419.30:mRNA-p1,TcCLB.503419.30:mRNA-p1,True,6544,False,1,5,1.0,True,5,0,0.0,0.0
23,2.0,724281,False,0,0.00025000938,0.67268693,0.67268693,0.0,1105,2380,,,27711.584,1145814,0.5804415,665078,0.6136361256158187,0.11933903030303128,22.392203337288116,13.499994763548012,3,1,2,10,4,4,75,1350.662817428949,1350.6636,30952106.0,4728777.755115999,68000512.5817439,9874974.860206515,676.3386851813445,11,24,20,0,1,-0.0007391445,-0.5472456,-0.0007391445,-0.5472456,KcCMIESDLISR_2,1,0.0,2084,657,13.684440818181818,13.684440818181818,13.982788393939394,13.575046707070706,2929,1.0,1.0,1,KcCMIESDLISR,KCMIESDLISR,True,14,True,30.30383164829633,C:\Users\tanja\Namizje\typanosoma\71-PR150.ms_data.hdf,71-PR150,71-PR150,1,TcCLB.503419.30:mRNA-p1,TcCLB.503419.30:mRNA-p1,True,6544,False,1,5,1.0,True,5,0,0.0,0.0
24,2.0,724281,False,0,-0.0004417018,-0.9835947,0.9835947,0.0,1105,2404,,,196119.19,18024585,0.5331518,9609840,0.8836925686878128,0.11933903030303128,29.814172272179036,19.44123651113188,9,5,6,10,9,10,75,1350.662817428949,1350.6636,30952106.0,4728777.755115999,68000512.5817439,9874974.860206515,676.3386851813445,11,49,20,0,1,-0.0007391445,-0.5472456,-0.0007391445,-0.5472456,KcCMIESDLISR_2,1,0.0,2085,601,13.684440818181818,13.684440818181818,13.982788393939394,13.575046707070706,2850,1.0,1.0,1,KcCMIESDLISR,KCMIESDLISR,True,14,True,43.98453818464124,C:\Users\tanja\Namizje\typanosoma\71-PR150.ms_data.hdf,71-PR150,71-PR150,1,TcCLB.503419.30:mRNA-p1,TcCLB.503419.30:mRNA-p1,True,6544,False,1,5,1.0,True,5,0,0.0,0.0
25,3.0,724281,False,0,-0.003648122,-10.7833395,10.7833395,0.0,1107,2498,,,20314.912,860847,0.5427712,467243,0.5660288909960454,0.14140644444444384,16.635635556296894,12.452635601912998,6,1,3,6,4,3,76,1350.6629260061097,1350.6636,6197529.0,1075565.171194,13205210.63728325,2257387.7789933253,451.22825180223987,11,23,20,0,1,-0.0006305674,-0.46685758,-0.0006305674,-0.46685758,KcCMIESDLISR_3,1,0.0,2086,635,13.686376333333333,13.686376333333333,13.991516555555556,13.567297222222223,2901,0.984195161684537,0.984195161684537,1,KcCMIESDLISR,KCMIESDLISR,True,39,True,26.213107167952383,C:\Users\tanja\Namizje\typanosoma\71-PR150.ms_data.hdf,71-PR150,71-PR150,1,TcCLB.503419.30:mRNA-p1,TcCLB.503419.30:mRNA-p1,True,6544,False,1,5,1.0,True,5,0,0.0,0.0
26,3.0,742824,False,0,-0.0055859885,-16.419035,16.419035,0.0,1501,2559,,,33489.64,1864337,0.44908243,837241,0.562383912545659,0.13632430303030318,15.383183748131682,12.372446076004499,6,2,2,6,6,3,78,1366.6570648794716,1366.6584,4787244.0,659729.8715730029,10456304.849932583,1428360.1660009532,456.55963142669384,11,25,20,0,1,-0.001406324,-1.0290242,-0.001406324,-1.0290242,KcCoxMIESDLISR_3,1,0.0,2128,409,12.90276809090909,12.90276809090909,13.170173454545454,12.818876212121213,2587,0.9900186658950055,0.9900186658950055,1,KcCoxMIESDLISR,KCMIESDLISR,True,35,True,26.79636966514142,C:\Users\tanja\Namizje\typanosoma\71-PR150.ms_data.hdf,71-PR150,71-PR150,1,TcCLB.503419.30:mRNA-p1,TcCLB.503419.30:mRNA-p1,True,6544,False,1,5,1.0,True,5,0,0.0,0.0
27,2.0,742824,False,0,0.0003192608,0.85627246,0.85627246,0.0,1500,2584,,,43968.55,2255899,0.38980955,879371,0.6063333589765403,0.10817318181818081,19.64824544931617,13.339333897483886,3,1,2,10,1,3,77,1366.6572648527942,1366.6584,37224660.0,4431428.867427512,77541717.14685977,9136076.500677958,684.3359088932672,11,20,20,0,1,-0.0012063506,-0.8827013,-0.0012063506,-0.8827013,KcCoxMIESDLISR_2,1,0.0,2129,466,12.926593727272728,12.926593727272728,13.164574727272727,12.818420545454545,2661,1.0,1.0,1,KcCoxMIESDLISR,KCMIESDLISR,True,15,True,30.58313420045887,C:\Users\tanja\Namizje\typanosoma\71-PR150.ms_data.hdf,71-PR150,71-PR150,1,TcCLB.503419.30:mRNA-p1,TcCLB.503419.30:mRNA-p1,True,6544,False,1,5,1.0,True,5,0,0.0,0.0
53,3.0,1316560,False,0,-0.0022254358,-5.596394,5.596394,0.0,1726,4000,,,9337.941,274906,0.57745194,158745,0.396923804115289,0.12241404040403836,18.638670257714423,13.495409339919826,5,3,0,8,0,1,121,1917.0166627975518,1917.0149,869423.0,114572.89043700045,2301961.99844504,333753.95562744036,640.0128307327205,17,17,32,0,0,0.0017937041,0.9356752,0.0017937041,0.9356752,SHVTWSLAPGYVLFVNK_3,1,0.0,3020,1675,18.642304272727273,18.642304272727273,18.89654881818182,18.53401492929293,4377,0.9944418181855688,0.9944418181855688,1,SHVTWSLAPGYVLFVNK,SHVTWSLAPGYVLFVNK,True,34,True,27.36714906572323,C:\Users\tanja\Namizje\typanosoma\71-PR150.ms_data.hdf,71-PR150,71-PR150,1,TcCLB.503419.30:mRNA-p1,TcCLB.503419.30:mRNA-p1,True,6544,False,1,5,1.0,True,5,0,0.0,0.0
20,2.0,673852,False,0,0.0014918934,4.5342207,4.5342207,0.0,908,2095,,,34956.562,2989533,0.18708774,559305,0.5081729244242251,0.1608966464646464,14.216305002663077,11.179804337332953,2,0,0,9,1,4,125,1307.6524279685918,1307.651,1381845.0,226203.5385279993,2891918.209617247,474580.58904335456,654.833490451166,11,16,20,0,0,0.0014266951,1.0910361,0.0014266951,1.0910361,TEPGFIDFNIR_2,1,0.0,1991,1544,17.976925505050506,17.976925505050506,18.258494636363636,17.87133708080808,4190,0.9890657483038214,0.9890657483038214,1,TEPGFIDFNIR,TEPGFIDFNIR,True,36,True,26.729424881157247,C:\Users\tanja\Namizje\typanosoma\71-PR150.ms_data.hdf,71-PR150,71-PR150,1,TCSYLVIO_009791-t26_1-p1,TCSYLVIO_009791-t26_1-p1,False,18589,False,1,4,1.0,True,4,0,0.0,0.0
38,2.0,983626,False,0,0.002286471,4.891416,4.891416,0.0,3254,3053,,,10922.929,215014,0.7112141,152921,0.4563498190815483,0.09631925252525164,24.083831006697153,13.690494572446449,2,1,0,11,0,0,122,1581.671865617758,1581.6754,719414.0,81571.77666199993,1394980.4395073692,153576.72580898175,791.843209275749,15,14,28,0,0,-0.0035722158,-2.2585037,-0.0035722158,-2.2585037,SNSEGESAETLDSTR_2,1,0.0,2521,196,12.108321404040405,12.108321404040405,12.250265565656566,12.004398,2314,1.0,1.0,1,SNSEGESAETLDSTR,SNSEGESAETLDSTR,True,19,True,30.133131753589787,C:\Users\tanja\Namizje\typanosoma\71-PR150.ms_data.hdf,71-PR150,71-PR150,1,TCSYLVIO_009791-t26_1-p1,TCSYLVIO_009791-t26_1-p1,False,18589,False,1,4,1.0,True,4,0,0.0,0.0
